Customer name,Customer reference,Service rating,Service review title,Service review,NPS rating
Richard,Gary Bray,5,Great Service and Advice 5/5,Gary and Karlie provided us with excellent mortgage advice and helped us to secure a good mortgage to a short and demanding deadline. Their service was friendly and helpful and they were always available for a chat over the phone. We will definitely by using them again in the future when we come to remortgage and have recommended them to friends.,10
Alisha,Paul Gent,5,Simple and Seamless,"Paul is amazing, very personable and worked out exactly what we needed with some complex circumstances. He made everything simple even with sensitive topics we needed to work around! Paul will now be my go too and who I recommend.",10
Thomas,Peter Stickley,5,,,8
Heather,Joe Maskell,5,"Absolutely excellent, would thoroughly recommend","Joe Maskell went above and beyond to provide an excellent service for our remortgage. 
He is knowledgeable, helpful and extremely personable, nothing was too much trouble. 
His follow up service also has been exemplary. 
Thank you so much",10
Anish,Carl Thorne,5,Outstanding Service from Carl – Highly Recommended!,"I can’t recommend Carl highly enough. From the very beginning, he was professional, proactive, and genuinely cared about getting me the best possible outcome.

With all the uncertainty in the current global situations , Carl planned everything well in advance and helped me secure a much better rate for my remortgage as early as possible. His forward-thinking approach made a huge difference and gave me peace of mind, knowing I had locked in a great deal before rates changed further.

I’m incredibly grateful for all his hard work and support. If you’re looking for a knowledgeable, trustworthy, and customer-focused, I wouldn’t hesitate to recommend Carl.",10
Andrew,Bryce Protheroe,5,Seamless experience,Excellent.,10
Nataliia,Tim Dock,5,Excellent Service and Trusted Advice,"We came back to Tim for our remortgage after such a great experience the first time. He was attentive, explained all our options clearly, and answered every question we had. We were so impressed that we also asked Finance Planning to arrange our business health insurance. A trustworthy team that we highly recommend.",10
Connor,Jack Humphries,5,,Was very happy with the service provided and will not use anyone else,10
Alison,Scott Sutton,5,Brilliant service,Scott and Sophie were brilliant as always. Helping us get a new mortgage deal and dealing with the stressful side of things. Will definitely be using them again and highly recommend.,10
Matthew,Neil Sadler,5,,"Neil has been acceptional through out a mortgage renewal and a new mortgage for are latest move, he’s been very clear and helpful with every process and helped us understand a lot when unsure. 

I would highly recommend him and the team for anything finance related.",10
Katrin Deane,Joe White,5,Highly recommended!,"We had a great experience with this finance firm from start to finish. A special thank you to Joe, who was incredibly supportive throughout the entire process. He kept us informed every step of the way and was always professional, patient, and reassuring.

Even after our first application was declined, Joe didn’t give up on us. Instead, he continued to work hard, explored other options, and remained committed to helping us achieve a positive outcome. His dedication and persistence truly made all the difference.

We are so grateful for all of Joe’s efforts and the excellent service we received. I highly recommend this finance firm to anyone looking for a team that genuinely cares about their clients. Thank you again, Joe, for going above and beyond!",10
Joseph,Andy Poustie,5,Would highly recommend. Honest and genuine,"My husband and I were recommended finance planning when we were purchasing our first home, 7 years ago.
We have continued to use them since then and would highly recommend Andy’s business.
He has a wealth of knowledge, gives us genuine advice and has always been honest, professional and courteous.",10
Mahendra,Surakshya Rai,5,Feedback,Extremely satisfied with the service that I received.,10
Lucy,Kate Joyice,5,A pleasure to work with,"Kate consistently goes above and beyond for her clients, you couldn’t ask for better help during the stressful process of moving!",10
Saul,Daniel Walsh,5,Daniel Walsh,Excellent service from Daniel Walsh. He took away all the stress and hassle to find the best product for me. Can’t recommend him enough!,10
Matthew,Jim Maye,5,Excellent Service,"Excellent and patient service especially when we decided to change product part way through the process with one lender.

Quickly found another suitable product and got it approved and signed up within a few days.

Highly recommend.",10
Rachel,Jack Humphries,5,,Jack has been so helpful throughout two purchases and one sale. Will continue to use him in the future and would recommend highly.,10
Suzanne,Kim Dock,5,Highly Recommend for Mortgage Protection,"Fantastic service from start to finish.  Kim arranged the right insurance cover for my mortgage, explained everything clearly, and made the whole process quick and easy.  Friendly, professional, and highly recommended.  Thank you.",10
Amy,Rob Chart,5,Perfect!,For something that can feel quite daunting and scary Rob & the team made everything super easy and made sure they got the best outcome for us! I can’t thank you enough!,10
Jeewan,Dipes Rai,5,simply brilliant,"Exceptional service from start to finish! Friendly, professional, and genuinely went above and beyond to make the whole mortgage process smooth and stress-free.",10
Lisa,Carl Thorne,5,Great service,"Very efficient, professional service. We have been using Carl’s services for many years now & are always very satisfied.",10
Harry,Jack Humphries,5,Highly Recommend!,"Jack was really helpful during the remortgage process, supporting me to review a range of options, before settling on what was right for me.",10
Michal,Adam Kowalczyk,5,,,10
Joanne,Rob Chart,5,Always happy with Finance Planning!,"We have used Finance Planning for a number of years and have always been pleased with the service.
Rob Chart is our advisor and he is always on hand if I need any help understanding anything whether it's too do with the mortgage or insurances, he always finds us a good deal.
I have already given my friend Robs details and he has sorted her a mortgage as well.",10
Lucy,Rob Chart,5,,"Rob has been so helpful throughout the entire process, he took care of everything for us and made everything super easy from start to end!",10
Vicki,Claire Lipscomb,5,Excellent mortgage broker,Claire honestly is my salvation. She went above and beyond without any hassle or stress to myself in obtaining my latest BTL product. She has then since helped me with my renewals and all was done with such ease and professionalism. I have been in the property business for over 30 years and I honestly couldn´t recommend anyone better.,10
Olga,Philip Smith,5,Highly recommended,"Excellent service all the time. We are with Philip for quite a few years, highly recommend. Our mortgage deals cannot be sorted any better way",10
Sahan,Dipes Rai,5,,Great service from Dipes Rai. Our remortgage was handled with care and it went smoothly. Would recommend.,10
Nicholas,Matt Stephens,5,Good service from financial planninh,Very easy company to deal with.  Very helpful that made everything easy.,10
Mira,Binita Gurung,5,Best mortgage advisor,"Very efficient
Very informative 
Easily available if needed
Good communication with customer 
Provides much information and helps to make informed decision",10
Jeremy,Jack Humphries,5,,"Jack was really helpful and patient to work around my work hours and contacting me mostly through emails as I could not take calls in office hours.
His explanations were easy to understand, succinct and concise. I have no faults and would recommend him to others.",10
Michael,Jack Savory,5,Excellent Service,"An excellent and knowledgeable service from Jack Savoury at Finance Planning, who has secured us the lowest mortgage rate each time. Great communication and always helpful. Highly recommended!",10
Charan,Phil James,5,,Excellent service,10
Warren,Ellis Featherbe,5,Professional service,"Ellis did a great job, he was helpful and professional. At all times and responded promptly to all questions. I have no hesitation in recommending his services. Thank you.",10
Rama,Surakshya Rai,5,Outstanding Financial Planning service.,"My advisor Surakshya was professional, knowledgable and patience throughout the entire process.  She explained to us very clearly, answered all our questions and provided advice that made us confident in financial decision. Communication were prompt and the service was friendly and efficient. Highly recommend Surakshya to anyone looking for relaible financial advisor. Thank you for your outstanding support.",10
Daniel,Dan Maskell,5,,"This firm has looked after my mortgage needs for many years. Service and advice has always been excellent.
Can’t recommend them enough",
Dasarath,Dipes Rai,5,,,10
Jane,Scott Sutton,5,Excellent service,Scott is very helpful and knowledgeable and went above and beyond to help find the correct product for us.,10
Geoffrey,Scott Sutton,5,,,10
Max,Chris Bowles,5,,,10
George,Rob Chart,5,,"Rob was excellent, he helped us with every step and we can’t thank him enough!",10
James,Carl Thorne,5,Great Service,Have been working with Carl Thorne for a number of years with our mortgage & have always received a great service. Quick responses to questions & clear answers provided. Would recommend.,10
Gareth,Tracey Copeland,5,Exceptional service,"We worked with Tracey again for our residential mortgage. The service Tracey provides is exceptional. Tracey arranged our mortgage renewal several months in advance, however, she constantly checked for better rates and kept us informed all the way. We will certainly continue to work with her and we couldn’t recommend her enough.",10
Kelly,Richard Owen,5,"Informative, knowledgeable and easy to deal with","Very informative, knowledgeable and easy to deal with. I have been using Richard for many years and continue to recommend his services.",10
Cristian-Marian,Petru Balan,5,,,10
James,Rob Chart,5,"Excellent experience, great service","We’ve worked with Rob for many years now, the excellence he provides has always exceeded our expectations, his knowledge of the market and contacts with lenders has always delivered a great result.",10
Emma,Oscar Delves,5,Absolutely excellent service - highly recommend!,"A truly superb service. Oscar is easy to talk to, professional, knowledgeable, patient and understanding which is crucial because I have a lot to learn. He is also great at promptly responding to messages and requests. The conversations flow well, are really productive and can even be fun. I always feel fully supported and am getting everything I need from the service.",
Jack,Phil James,5,,"We received excellent service from all at finance planning, which made getting our mortgage so much easier and stress free, I highly recommend them",10
Natalie,Rob Chart,5,,,10
Alasdair,Jim Maye,5,,,10
Raya,Emma Langford,5,Excellent,Exceptional service from Emma. I have used Emma at finance planning multiple times and have always received impeccable service and great rates.,10
Andrew,Joe White,5,Joe White Made Our Home Buying Journey Stress-Free and Seamless,"Joe didn't just find us a generic deal; he took the time to understand our unique financial situation and long-term goals. He patiently walked us through multiple scenarios until we found the perfect fit, never making us feel rushed or pressured.",10
Peter,Trevor Farley,5,,dealt with our mortgage transfer. all vary smooth,10
Andrew,Claire Lipscomb,5,Excellent service,Really thorough and professional service from start to finish. Found the right mortgage for us and also helped with our insurances. Highly recommended,10
Natalie,Hannah Logan-Hughes,5,Amazing service,"Hannah was amazing. Always there to help and answer any questions I had at a difficult time.
I could not recommend her enough.",10
Lianne,Carl Thorne,5,,,10
Adrian,Chris Bartrip,5,,"Efficient, trustworthy and easy to understand.",8
Guy,Paul Gent,5,Outstanding service.,I thought Paul Gent at Key Finance was great.Extremely professional and with the all important human touch too.,10
Lance,Philip Smith,5,,,10
Sandra,Philip Smith,5,Great service again !,"Accurate information given, prompt responses and always helpful",10
Alice,Jack Savory,5,Great service,Jack and the team were really helpful and available throughout our remortgage. They explained things clearly and moved things along when we needed support. I would happily recommend them to others.,10
David,Philip Smith,5,Great service,"I have always received clear, helpful advice and a great service",10
Robert,Jim Maye,5,,,10
Ben,Lucy Diton,5,Amazing,"The service couldn’t of been better, she made everything so easy for us and stress free, will use Lucy all the time amazing.",10
Chelsea,Joe White,5,Highly Recommend,"My husband and I had a wonderful experience with Joe at Finance Planning. This was our first time getting a mortgage and Joe made the process very clear and we felt he worked hard to get us the best rate! We deeply appreciate it, and would highly recommend using Finance Planning!",10
Thomas,Tracey Copeland,5,,Great service,10
Joanne,Scott Sutton,5,Excellent,"Lovely helpful team, fantastic advice and all round great service from start to finish",10
Iyabode,Phil James,5,Client centred service. Professionalism at all times.,Professionalism at all times. Prompt service. Detailed information resulting in informed decision making. Client centred service. Happy with the services received for the past 5 years and staying.,10
Susan,Phil James,5,Feedback,"Professional, responsive & a pleasure to work with",10
Robert,Jack Humphries,5,,"Our experience was great. Jack Humphries was professional, welcoming and friendly. Always prompt with emails and phone calls. And was very understanding.",10
Poppy,Andy Poustie,5,Andy was brilliant,Andy was brilliant. My and my boyfriend were first time buyers so had little knowledge of the move in process. Andy made us feel at ease and no question was too much for him. We couldn’t have done it without him. He explained everything and found us the best deal for an our mortgage. Thank you!,10
Bradley,Hannah Logan-Hughes,5,Hannah - ⭐️⭐️⭐️⭐️⭐️,"Hannah was excellent. Gave all the options and explained why the cover chosen was the best option to go with.
Would use again",10
Belinda,Torie Maleganeas,5,First Class Service,The service I received from Victoria was excellent. She guided me and helped me through all the difficulties of selling and buying a new property. She is very professional and extremely knowledgable in her field of work. Highly recommended.,10
Billie-Jo,Jack Humphries,5,Thank you Jack,"Jack was fantastic! I was very impressed with the service he provided. He made the process incredibly easy, and we thoroughly enjoyed working with him. I would highly recommend Jack!",10
Julie,Paul Gent,5,,"As always Paul Gent gave sound advice with a friendly smile, reassuring manner and usual professionalism",10
Omesh,Asmita Gurung,5,,,10
William,Emily Chattaway,5,,"Emily is great, she is always willing to help explore options and ideas. Response is very timely and helpful as always",10
Olujimi,Jack Savory,5,"A Five-Star Experience Thanks to Jack's Expertise, Patience, and Dedication","Working with Jack has been an outstanding experience from start to finish. He is incredibly astute at what he does, exceptionally knowledgeable, and goes far beyond what you would expect from a mortgage broker. His expertise and understanding of the mortgage process are second to none, and it was evident throughout every stage of our journey that we were in very capable hands.

Our mortgage application ended up taking far longer than anyone could have anticipated, and it was a challenging process at times. Despite the delays and complexities, Jack remained patient, professional, and supportive throughout. Not once did he show any signs of frustration, fatigue, or impatience. Instead, he consistently reassured us, answered every question thoroughly, and took the time to explain everything in a way that gave us confidence and peace of mind.

What truly sets Jack apart is not only his technical knowledge but also his genuine care for his clients. He never made us feel like just another case. He was always approachable, responsive, and willing to go the extra mile to ensure we understood every step of the process. His calm demeanour and reassuring words helped us stay positive during what could have been a very stressful experience.

It is rare to come across someone who combines such a high level of professionalism with genuine empathy and dedication. I cannot recommend Jack highly enough to anyone looking for a mortgage broker who is knowledgeable, trustworthy, patient, and truly invested in achieving the best outcome for his clients.

Thank you, Jack, for your unwavering support and exceptional service. You have made what could have been an overwhelming experience much more manageable, and we are incredibly grateful. A thoroughly deserved five-star rating.",10
Michael,Tim Dock,5,Mortgage Queries,"Tim was very knowledgeable and explained things to us that made the whole mortgage process easier to understand. Due to us having little ones Tim made a Teams meeting around our busy schedule and any further questions we had he answered it the same day. 

I would recommend to anyone who is after some mortgage advice.",10
Alan,Jack Savory,5,Supportive mortgage advice. Five stars!,"Excellent service from Finance Planning. The team provided a genuinely personal approach from start to finish, taking the time to explain everything clearly and answer all my questions. They were always friendly, helpful, and made the whole mortgage process much less stressful. I wouldn't hesitate to recommend them to anyone looking for knowledgeable, professional, and supportive mortgage advice. Five stars!",9
Erika,Carl Thorne,5,Highly recommended,Carl was very helpful. He answered all of our questions and found us a great mortgage offer. He was in contact throughout the process and helped to significantly reduce the stress of organising our mortgage.,10
Alexander,Charlotte Haddow,5,Excellent,Amazing. Client centred.,9
Elzbieta,Jack Savory,5,Happy customer,"Excellent service. Several of my satisfied friends recommended the company. 
Jack, who handled my case, was responsive, informative, and very easy to work with.",10
Claire,Rob Chart,5,Professional and first class service,"Rob provides an excellent service and my remortgage processed so smoothly as always..  Rob is also such a great person do deal with and I have used his services for approaching 20 years. 

He is approachable and extremely knowledgeable about the products on the market and which one is best suited to my needs.   

Would highly recommend.",
Sophia,Jack Savory,5,Highly Recommend Jack,"This is the second time we’ve used Jack to help us with our mortgage, and once again he’s been fantastic. As always, Jack takes the time to explain everything clearly, is incredibly knowledgeable, and is always there to answer any questions we have. He’s happy to jump on a call whenever we need him and is always quick to respond, which gives us real peace of mind. We wouldn’t hesitate to recommend him to anyone looking for a reliable and professional financial advisor.",10
Sonya,Jack Savory,5,Completely recommend Jack Savory,"We've used Jack twice now for our mortgages, and I wouldn't hesitate to recommend him. He's always on hand to answer questions and offer honest, helpful advice, no matter how big or small the query.

Jack is incredibly patient, friendly, and knowledgeable, and he genuinely looks for the best mortgage rates and deals to suit your circumstances. He takes the time to explain everything clearly, making what can be a stressful process feel straightforward and manageable. We never felt rushed or pressured, and he was always quick to respond whenever we needed him.

Thank you, Jack, for all your help and support. We really appreciate everything you've done for us, and we'll definitely be coming back in the future!",10
Agnes,Jim Maye,5,Flawless service,"Absolutely flawless, we have used Jim (finance planning) for all our mortgage applications and everything has been clear and seamless throughout.",10
Elliott,Lucy Diton,5,If Carlsberg did mortgages...,"Lucy was absolutely brilliant from start to finish. Buying a home can be stressful, but she made the whole process feel easy. She was always quick to respond, explained everything clearly, and kept us updated every step of the way.

It was obvious that she genuinely cared about getting us the best possible outcome, and nothing ever felt like too much trouble. Her knowledge, professionalism and support gave us complete confidence throughout.

I wouldn't hesitate to recommend Lucy to anyone looking for a mortgage adviser. If you're lucky enough to work with her, you're in very safe hands. Thank you again, Lucy!",10
Christine,Johnny Lancaster,5,Re-mortgage,"Johnny advised us in our re-mortgage, he was helpful, and knowledgeable giving all the options. Made us feel comfortable in our choice.
I would highly recommend Johnny.",10
John,Claire Lipscomb,5,,"The service I received was very good and very professional! Any questions and queries were answered fully and explained to me,",10
Jessica,Jack Humphries,5,Great service,Jack was very prompt at replying and ensured I got the best rate for my mortgage.,9
Susannah,Hannah Logan-Hughes,5,Excellent! Thank you Hannah!,"Hannah was knowledgeable, patient and thorough. She understood my needs and questions, was super helpful and clear and also easy to talk to and re-explained anything I needed. Could not fault, and would highly recommend to anyone! Thank you! As far as I will ever look forward to chatting about mortgages, lol, I will look forward to chatting next time I need to renew. Thanks so much again!",10
Jack,Jack Savory,5,,,10
Anton,Syd Martin,5,Priceless Service,"They’ve looked after and advised us from saving for a mortgage, through to getting the keys to our new home nearly 10 years ago. So lucky to have Syd and FPL recommended. We didn’t even realise we were buying a home. No stress, it just happened! All our cover and insurances arranged as well and we have had knowledgeable, intuitive support throughout our ownership which has been a big umbrella protecting us from the financial torrents currently battering the UK. Yes, things have become more expensive since 2024 but FPL prepared us for that well in advance. We can’t thank them enough and hope to be looked after by them throughout our lives. Had we gone through the usual
channels or a bank I suspect we would not be anywhere near as happy and settled as we have been.",10
Charles,Jack Savory,5,First class service,"First class service and very professional, helpful and knowledgeable. A great ambassador for finance planning",10