Customer name,Customer reference,Service rating,Service review title,Service review,NPS rating
Andrew,Ellis Featherbe,5,,Very Good,10
Nadia,Daniel Walsh,5,,Efficient reliable with customer best interest at heart. Takes specific needs into consideration and provides best solutions,10
Amelia,Gary Bray,5,Thank you Gary!!,"Gary was amazing throughout the whole process - incredibly helpful, informative, reassuring and hard working. We felt in very safe hands. Nothing was too much trouble and no question was silly. We would recommend him to everyone!",10
Lisa,Rob Chart,5,Brilliant service,"Excellent advice, great communication and very reliable. We have used Rob for many years and would highly recommend him.",10
Kushum,Surakshya Rai,5,,,10
Alicja,Adam Kowalczyk,5,Exceptional Service!,"We are extremely happy with the service provided by Finance Planning during our home purchase. Our broker, Adam, was incredibly professional, helpful, and guided us smoothly through the entire mortgage process. We felt fully supported every step of the way. Highly recommend!",10
Vicky,Philip Smith,5,Highly efficient and great communication,We’ve used finance planning for the last 3 times we have remortgaged and each time we feel assured that we are in capable hands. It’s always a seamless process and Phil is always happy to answer any queries/questions we have.,10
Sarah,Graham Morris,5,Amazing service,"Amazing service. Friendly, professional and so helpful. Made the whole process easy and stress free.",10
Stuart,Pete Burgess,5,Pete is amazing,"We come to Pete on a recommendation and wow we couldn't have been more impressed!
We are first time buyers so a little unsure and wary on the processes of getting a mortgage and buying a house, but Pete was an absolute breath of fresh he, he met myself and my wife at our home and explained everything to us, which really put us at ease.

Throughout the entire process he kept us updated and made a few changes when interest rates changed and then also when we changed our mortgage term and amount. We never needed to contact Pete as he always contacted us first.

Pete is a truly lovely guy and top of his game, we will never use anyone but him

Thanks again Pete",10
Nigel,Jonathan Peachey,5,"A very thoughtful personal service, offering complete financial clarity.","An excellent seamless service for our mortgage renewal which considered our personal circumstances now and potentially in the future.
Every detail was explained and was easy to understand along with risks and benefits.
The financial details were carefully explained, and this clarity gives reassurance and confidence in the product and service.
A very thoughtful personal service which made what can be a challenging subject stress free. We would highly recommend.",10
Alessandra,Daniel Grant,5,Highly recommended!,"I have been with Daniel at Finance Planning for a few years, and at least three different mortgage providers now. He’s always been attentive and highly competent in finding the right product for me. Highly recommended!",10
John,Carl Thorne,5,Excellent service,Carl has advised me on my mortgage twice now and has always been very helpful and proactive. Fully trust him to find me the best deal and communicate it clearly. Highly recommended.,10
Anita,Romi Pal,5,,,10
Toby,Bryce Protheroe,5,"Fantastic service, highly recommended",Bryce was superb from start to finish. Keeping me regularly updated with my application. The whole process was made very simple and it was much easier than any previous mortgage applications I have had with others in the past.,10
David,Daniel Grant,5,Superb mortgage broker - would recommend to anyone who cares to ask.,"Daniel was excellent throughout the whole process, and was extremely knowledgable and reassuring. We had some uncertainty around choice of solicitor and the different panels that they were able to work with, which all seems very daunting and confusing at first. However, Daniel was able to guide us through the process with relative ease and secure us a great mortgage. Would 100% recommend to anyone.",10
Caroline,Emily Chattaway,5,Excellent bespoke service,Emily takes the time to understand our personal background context and what’s important to us before making any recommendations. Pleasure to work with and would highly recommend.,10
Christopher,Tracey Copeland,5,Tracey helped me with a complexed mortgage issue to hum i mostgreatful,A very  Personal and thorough service with much detail to my finnancial needs,10
Iuliana,Petru Balan,5,Exceptional Mortgage Advice service from Finance Planning.,"I was very impressed with the service from this company. My advisor, Petru Balan was exceptional in the knowledge and detail with which he advised our family, and he went the extra mile to secure us the mortgage rates we wanted, at a time where there was instability and rates were going up. In the run to making the offer, no detail was left unexplained, no question unanswered, with patience and top-class professional conduct but most importantly, being on his client's side. I needed a lot of advice and hand-holding, and I got every advice I needed at every stage in my mortgage application until I got my keys. Our case wasn't straightforward, and it is at times like these where such a difference can be made by a professional with interest and passion for what they do, and our advisor is one of those excellent professionals. Thank you so, so much!",10
Nicholas,Jonathan Peachey,5,,Jonathan consistently reviews the market before recommending the best possible options.,10
Moloy,Carrie Millin,5,Carrie Millin is a best Mortgage advisor and very helpful as well.,Great service by Carrie Millin. She always updated me. Very friendly and knowledgeable. I always recommend  finance Planning to my friends and family and tell them to choose Carrie Millin as a mortgage advisor.,10
Leena,Charlotte Haddow,5,,"Exceptional service provided by Charlotte
We strongly recommend her to anyone seeking professional advice
Our mortgage process was really smooth and quick thanks to Charlotte",10
Sarbpreet,Jack Savory,5,,,10
Craig,Paul Gent,5,Mortgage Review,"My mortgage review is always informative and Paul explains every step of the proccess clearly and makes sure i understand the terms before i leave.
The new morgage deals are competative and suited to my needs.
The meetings are always conducted in a warm and friendly manner and all of the staff you deal with are friendly and supportive.",10
Sukhwinder,James Hall,5,Excellent service,I have been using your service for last 15 years through James Hall He has been excellent,10
Angela,Scott Sutton,5,Will definitely recommend,"Scott Sutton is a very friendly and helpful person, always goes behind of everything to help with with anything you need it😃thank you again!",10
Victoria,Claire Lipscomb,5,Professional and personable,"Personable, Claire took account of my individual circumstances in considering the best products. She was friendly and reassuring as well as professional, and was able to get the best mortgage option for me. I will be using her again when it comes to renewal.",10
Emma,Carl Thorne,5,Great experience,Fab service and Carl was always more than happy to help with any queries. Really great experience and will continue to use and recommend.,10
Richard,Claire Lipscomb,5,,,10
Lora,Gary Bray,5,,Great service provided by Gary! Highly recommend!,10
Gelu,Petru Balan,5,highly recommend,"I have worked with this company 4 times and each time it has been successful, very understanding professionals and my mortgage advisor Petru Balan is very professional in everything he does, I highly recommend it.",10
Sandra,Philip Smith,5,Great service again !,"Always helpful, great advice and always prompt responses",
Stewart,Paul Ripley,5,Great Service would highly recommend,"Straight forward

Great explanation

Kept updated. Informed all the time",
Indira,Smriti Pun,5,Thank you!,Smriti Pun had helped us very well during our remortgage. Very fast and professional throughout the process and always there to help whenever I was confused on each step of the remortgage  process as it is my first time doing it. Thank you very much!,9
Robert,Johnny Lancaster,5,,Excellent customer service and very good communications throughout renewing mortgage and insurances,10
Jacqueline,Andrew Bramley,5,Always excellent,Andrew is my go to every time for mortgages. Excellent service and very user friendly! Would recommend.,10
Anna,Hannah Logan-Hughes,5,"Excellent broker who provides great service, is always available, and is co","Great service from our broker! Always available, incredibly helpful, and very understanding throughout the whole process. We really appreciated their professionalism and support. Highly recommend! ⭐⭐⭐⭐⭐
Thank you Hannah :)",10
Nishanth,Adeel Nadeem,5,5 Star Service,"I found Adeel through a website which listed the top mortgage brokers in my area. Prior to finding Adeel, i had spoken to other mortgage brokers but i found them very hard to get a hold of when I had questions about my circumstances and the application process. It’s not unusual for Adeel to respond to my queries past his working hours, which is nice because I didn’t always have time to contact him in the day.

Adeel explained all aspects of the application to us and was very understanding of our situation. He patiently waited for us to submit all documents to him and find a property we liked. It didn’t take him long to secure us a mortgage that suited our situation.

I’d highly recommend Adeel to anyone looking for a mortgage.",10
Parveen,Claire Lipscomb,5,Best mortgages,"The mortgage advisor Claire is absolutely brilliant she looks for a deal to tailor and meet your needs, she finds the best deal and secures it, layer updates you if there’s a better deal.
I have been supported by Claire for the last 4 years and would highly recommend!",10
Jodene,Jim Maye,5,Flexible and pacey,"Jim was excellent. Fast paced, flexible and responsive to our changing needs. We got the best deal on the market.",10
Justine,Richard Owen,5,Excellent Service,"Great service from Richard as always . If anyone asks , I will always recommend him . For the last few years Richard has always got us the best deal .",10
Krishna,Emily Chattaway,5,Excellent- Highly Recommend,Emily has been very helpful and she has not only sorted my mortgages for all my properties but also started looking after my son who recently bought their new first home.,10
Jack,Claire Lipscomb,5,Remortgaging Couldn’t have been easier,Claire has been absolutely fantastic and made the daunting task of remortgaging a breeze. Thanks Claire!,10
Lewis,Rob Chart,5,10/10 Highly Recommended,"Professional, knowledgeable and always goes above and beyond. Rob was there to help guide us through every step of our purchase and we couldn’t have asked for more help. I would highly recommend to anyone in need of mortgage advice and assistance.",10
Frazer,Chris Williams,5,,Absolute amazing service,10
Matthew,Rob Chart,5,Rob is brilliant,Brilliant as ever. Rob is great,10
Alexandra,Joe White,5,Amazing service,I would not be able to say enough great things about Joe White and all he did for me and my partner to enable us to buy our first home. He made the whole journey easy and uncomplicated. Joe was easy to communicate with and it was never any bother to explain things to us multiple times. A massive thank you for us.,10
Lukasz,Adam Kowalczyk,5,,,10
Obiajulu,Simon Harris,5,,,
Trudy,Scott Sutton,5,,"Scott and his team did an amazing job on getting me a mortgage, with regular updates so I didn’t worry.
100% satisfied",10
Terry,Lorraine Smith,5,,,10
Matthew,Ellis Featherbe,5,Mortgage,"Ellis has been amazing. During the house buying process, he has been the only constant & reliable part ! Quick, timely responses and also helpful

I cannot fault anything ! Will be using him from now one moving forward for anything mortgage related",10
Stephen,Syd Martin,5,,,
Sally,Trevor Farley,5,Very good Company to sort out financial queries,Very thorough and helpful.  I have used them for 11 years for my mortgage and they always find the best deal,
Tek,Smriti Pun,5,Fantastic service from Smriti!,"I am very pleased with Smriti, who has been absolutely helpful from the very start to the end of my remortgage process. She made everything so simple and constantly updated me on our progress. I highly recommend her to everyone!",10
Jason,Peter Stickley,5,,"From start to finish nothing was to much trouble for Peter.. this was my first experience applying for and getting a mortgage for my house purchase. Peter talked me through everything I needed to know and other than the initial application I didn’t need to do anything else as it has all handled for me, all I had to do was choose a Mortgage that suited my requirements. . So over all I would highly recommend to anyone else and will be using him again when it’s time to remortgage. 10/10",10
Asida,Carl Thorne,5,,Very good!!!,10
Linzi,Chris Bartrip,5,Would recommend Chris for anyone looking for a mortgage,Chris recommended to me and was brilliant from start to finish. Kept me informed and was always quick to reply and honest with the information given. Would definitely recommend.,10
Lucy,Chris Williams,5,,"Supportive, honest, experienced.  Took the time to understand our situation and provide exceptional service, thank you.",
Samuel,Ellis Featherbe,5,,Ellis helped us with a remortgage and made it incredibly simple and stress free from start to finish,10
Cosmin,Carl Thorne,5,Carl did a great job,Carl is extremely patient and he will explain to you all details and angles. He did a great job for my first mortgage and re mortgage 2 years later.,10
Paul,Jonathan Peachey,5,Mortgage advice,"Excellent service provided by Jonathan who i have used many times, kind professional and cares about the customer",10
Amy,Peter Stickley,5,Stress Free,Very helpful and responsive to queries. Made the process nice and easy. I would definitely recommend,10
Mihaela-Madalina,Petru Balan,5,Trusted Guidance Through Our Home Purchase,"Excellent service from Finance Planning Mortgage Network. Our mortgage advisor Petru was knowledgeable, responsive, and supportive throughout the entire mortgage and home-buying process. Communication was excellent, and we always felt well informed.
Thank you for making the journey so much easier. Highly recommended!",10
Oliver,Jonathan Peachey,5,,,10
Laxmi,Samita Rai,5,Awesome,I felt comfortable and confident by the Samita’s experience advice and information provided. Her research to help me understand the right selection of the service from the provider. Much appreciated.,10
Jack,Carl Thorne,5,Faultless!,"Carl was absolutely brilliant from start to finish. I’ve used him now for a number of years and there’s clearly a reason I keep coming back!

He helped navigate our purchase by checking in every so often to see if there were any updates and then supported the final process, including making sure we were meeting our mortgage requirements.

I would recommend Carl for anyone who wants a smooth process and that personal touch.",10
Sarah,Unika Rai,5,Efficient and stress free,"Very quick, efficient and stress free service. Would definitely recommend the services of finance planning with Unika Rai.",10
Aniv,Asmita Gurung,5,Asmita Gurung,"Our mortgage Advisor was Asmita Gurung. She was very good at explaining things we didn’t understand, very polite and friendly.
Asmita made process stress free, easy to complete and I would highly recommend.",10
Henry,Emily Chattaway,5,Excellent service,"I've instructed Emily on a number of occasions now when remortgaging. She's always incredibly helpful and responsive, and provides all the context/information required so I can take an informed decision on the right product/rate. Highly recommend.",10
Aniv,Arbin Gurung,5,Excellent Service,"The my provided excellent service, they were patient, understanding and made the process very easy to complete.

Highly recommend !!",10
Klare,Jim Maye,5,Jim is the best.,Jim is super responsive and has great experience.,10
Jane,Rob Chart,5,,"Rob and his assistantRobert’s are so approachable and helpful.
Love doing business with them",10
Daniel,John Steer,5,,Have received Johns advice and help for over 10 years. Always friendly and supportive. Would recommend Finance Planning to family and friends.,10
Ornella,Giulia Riccato,5,Great service from start until now! Would highly recommend.,"Outstanding!

We had been turned away by multiple mortgage brokers because one of us had a default, and I had completely lost hope. I was extremely worried that we wouldn’t be able to get a mortgage. Thankfully, we found Giulia, and she was able to help us when others couldn’t.

Giulia put together a strong case for us and highlighted that, aside from the default, everything else was in very good shape — including my partner’s credit, which was almost as good as it could be. Thanks to her hard work and persistence, we ended up receiving a fantastic mortgage offer at an extremely good rate.

From the very beginning, Giulia was incredibly prompt, made time for us, and genuinely took the time to understand our situation and our circumstances. We never felt like just another case; she made us feel heard and supported throughout the entire process.

She took away so much of the stress and worry we had been carrying, and we honestly couldn’t be more grateful. We now have our house, and a huge part of that is thanks to Giulia.

Forever grateful, thank you so much, Giulia!",10
Kerry,Claire Lipscomb,5,10/10 across the board!,"Claire’s advice and help was invaluable when it came to finding the best deal for our remortgage. She took all the stress out of the process and saved us a lot of time, energy and money! I wholeheartedly recommend her services.",10
Stacey,Philip Smith,5,,,10
Kimberley,Richard Lucy,5,Everything promised is delivered.,"Thorough, friendly, informative, prompt, understandable and most importantly everything promised was delivered.",10
Philip,Karen Mills,5,,,9
Thomas,Laura Turner,5,Brilliant,Brilliant advice given and excellent at getting the best deals,10
Terry,Emily Chattaway,5,Great Company,"Helpful, friendly and professional.",10
James,Matt Stephens,5,Mortgage Hero!,Matt and his team were fantastic. They found the best options and explained them to me in a clear and concise way. Once a decision was made they took care of everything. Couldn't praise or recommend him more highly.,10
Katie,Rob Chart,5,,,10
Kehinde,Phil James,5,,Detailed information about products and services that meet my requirements/needs. Very professional at all times. Happy customer.,9
William,Philip Smith,5,Highly recommended.,Philip was excellent- friendly  exceptionally knowledgeable and made the whole process of remortgaging straight forward. Thank you - I would highly recommend this company to anyone.,10
Zoe,Richard Owen,5,Mortgage advice,Richard gave a very thorough and supportive service with every step in the mortgage process explained fully. I felt involved in all of the process and decision making. I was happy with the product chosen. Very friendly and helpful too!,10
Adam,Carl Thorne,5,Amazing Team,"Carl Thorne and Jill Craig went absolutely above and beyond for us throughout the whole process. Nothing was ever too much trouble, and they consistently went the extra mile to help us and keep everything moving forward.
I genuinely believe that without their hard work, dedication and willingness to go above and beyond, my partner and I would not have been able to get our house purchase over the line.
We cannot thank them enough for everything they did for us, and we honestly cannot recommend this company and its fantastic staff highly enough. Exceptional service from start to finish!",10
Marie,Richard Owen,5,,Very good. Richard was great and helped us sort through everything. Thank you,10
Lauren,Graham Morris,5,Mortgage review,"Always helpful and knowledgeable.
This is the 2nd time we have used Graham Morris for our mortgage and he has always be 10/10.",10
Claire,Scott Sutton,5,Excellent,Fantastic service from start to finish. Scott and Sophie were so helpful,10
Wayne,Andy Poustie,5,,"Andrew provided a brilliant service, helped us find the right mortgage for our needs and supported us through the entire process.",10
Florrie,Emily Chattaway,5,A Five-Star Mortgage Broker,"I cannot recommend Emily at Finance Planning Mortgage & Protection highly enough. From start to finish, she was absolutely amazing and couldn't have been more helpful throughout the entire mortgage process.

Emily was always available to answer any questions I had, no matter how small, and she took the time to explain everything clearly and thoroughly. Her expertise and reassurance made the whole experience seamless and she always had my best interests at heart and genuinely cared about finding the right solution for me. Her dedication, knowledge, and excellent communication gave me complete confidence every step of the way.

If you're looking for a mortgage broker who goes above and beyond for her clients, I would highly recommend Emily without any hesitation. Thank you for all your help and support!",10
Simon,Andy Poustie,5,Excellent,Andy is very efficient and we trust him and will continue to use and recommend him,10
Victoria,Rob Chart,5,"Experience, reliability and outstanding customer service.","What can I say about Rob and the exceptional service he and his team provide? From start to finish, they take care of everything for you, making the whole process completely stress-free.
Rob is extremely knowledgeable, professional and always provides honest, helpful advice. We have been using Rob’s services for over 20 years, and we wouldn’t consider going anywhere else. We will continue to use him for as long as we need his services.
I really can’t recommend Rob and his team highly enough. Their experience, reliability and outstanding customer service are second to none!",10
Andrew,Clare Mann,5,,,10
Jake,Jack Savory,5,Jack Savoury,"Jack Savoury was brilliant in helping us with almost everything we would recommend him to anyone. Made the process so smooth and was always keeping us in the loop with updates.

Thank you Jack,

From

Chloe and Jake",10
Gary,Hannah Logan-Hughes,5,5 Star Experience,"Hannah was superb! Patient, provided all the detail and information in a timely manner that we understood. Answered all our questions and managed to save us money when rates were all over the place.

Can’t recommend her enough and will definitely use her again.",10
Rebecca,Oscar Delves,5,A reliable service,"Oscar was approachable, easy to deal with, and available when I had questions. He arranged my new mortgage in advance, which made the whole process less stressful. Communication was good throughout, and the service was reliable and professional.",10
Charlotte,Ben Burgess,5,Ben Burgess Insurance,Ben Burgess was amazing explained everything so I understood what insurance suited me best both by cost and cover. Thanks again Ben,10
Amy,Jack Savory,5,,,10
Stephanie,Chris Bartrip,5,"Excellent service, very happy","Chris is very knowledgeable and takes the time to explain everything really clearly. He has secured us great rates, and is very responsive to any questions throughout the process. We have used Chris for our mortgage renewals and when we moved house, and wouldn’t use anyone else. Great service and a lovely guy to boot!",10
Rajendra,Phil James,5,,,10
Louisa,Charlotte Haddow,5,"Superb Serice, thanks","Charlotte was friendly, professional and efficient - what more could you want?",9
Lisa,Charlotte Haddow,5,Really happy,"Charlotte is great, thorough and knowledgeable. She took time to understand my needs and gave me options and advice.",10
